episode,total_reward,loss,avg_td,epsilon,eval_reward,eval_order,time_s
1,3412.2037491827505,0.0,0.0,1.0,,,0.0
2,4229.369468220347,0.0,0.0,1.0,,,0.01
3,4863.058726528385,0.0,0.0,1.0,,,0.01
4,5937.588057912424,0.0,0.0,1.0,,,0.01
5,4738.294986282917,0.0,0.0,1.0,,,0.01
6,3388.3294955622887,0.0,0.0,1.0,,,0.01
7,4836.981356732689,0.0,0.0,1.0,,,0.01
8,3848.334561926647,20455.0,245.40663146972656,0.96,,,0.98
9,3418.717688808327,18589.384765625,224.19268798828125,0.9216,,,1.14
10,4303.87091864361,19346.94921875,260.6168518066406,0.884736,,,1.49
11,4538.948409637349,18371.98046875,205.03343200683594,0.84934656,,,2.15
12,2195.9670299956974,18079.0625,199.00308227539062,0.8153726976,,,2.36
13,3407.7421723552748,17322.9140625,182.6754913330078,0.782757789696,,,2.64
14,3539.9019800601286,17168.599609375,220.09555053710938,0.7514474781081599,,,2.85
15,4648.922077683586,17433.255859375,231.80535888671875,0.7213895789838335,,,3.41
16,5278.369776447123,16851.05078125,178.82025146484375,0.6925339958244802,,,3.8
17,4234.309365272933,16639.3671875,198.7698211669922,0.6648326359915009,,,4.5
18,3494.7214125754126,16054.4404296875,157.75856018066406,0.6382393305518408,,,4.79
19,3282.7821874747574,15544.66796875,166.43295288085938,0.6127097573297672,,,5.89
20,3450.3781661741446,15429.0048828125,188.31385803222656,0.5882013670365764,,,6.54
21,3241.3745164838174,15460.353515625,207.91067504882812,0.5646733123551133,,,7.15
22,3053.2492224883727,15394.783203125,198.1120147705078,0.5420863798609088,,,8.2
23,2776.6547882794544,15070.2275390625,157.59866333007812,0.5204029246664724,,,10.57
24,3327.8141062684103,14918.982421875,175.81024169921875,0.4995868076798135,,,11.4
25,2753.2807638795807,14721.39453125,161.74278259277344,0.47960333537262095,,,14.27
26,3716.745390506048,14418.5703125,157.5264892578125,0.4604192019577161,,,15.71
27,2251.8358356933113,14118.6015625,137.8673858642578,0.4420024338794074,,,18.13
28,4315.822166158687,14009.5390625,184.34024047851562,0.42432233652423107,,,20.07
29,3076.280106941886,13761.2314453125,161.03762817382812,0.4073494430632618,,,21.81
30,4232.165347930003,13327.0439453125,122.7129898071289,0.3910554653407313,,,22.38
31,2741.63722773582,12954.4208984375,130.8829345703125,0.3754132467271021,,,26.1
32,2523.3597991778893,12726.455078125,151.289794921875,0.360396716858018,,,27.42
33,4019.4193736997468,12600.7509765625,200.90625,0.3459808481836973,,,27.97
34,3176.1891985973925,12359.8603515625,163.73440551757812,0.33214161425634936,,,29.02
35,3361.532261899586,12037.009765625,128.29861450195312,0.3188559496860954,,,30.0
36,3760.977884656558,11914.595703125,186.26983642578125,0.3061017116986515,,,31.96
37,3560.1738280588643,11861.2099609375,211.60968017578125,0.29385764323070546,,,39.39
38,3823.776397154249,11638.6376953125,155.37945556640625,0.2821033375014772,,,46.86
39,5168.195604657808,11540.2158203125,189.1806182861328,0.2708192040014181,,,50.83
40,4513.7910720864675,11374.7841796875,170.57986450195312,0.2599864358413614,,,58.98
41,2935.286125315767,11244.1875,145.45053100585938,0.2495869784077069,,,67.38
42,4310.342275395423,11199.0888671875,170.30592346191406,0.23960349927139862,,,73.12
43,3317.42299829663,11140.8388671875,160.07456970214844,0.23001935930054268,,,76.78
44,3101.748510154798,10920.017578125,90.41018676757812,0.22081858492852097,,,88.11
45,4529.03922346775,10742.0517578125,112.75177001953125,0.21198584153138011,,,114.32
46,1405.2990527282245,10575.875,119.93255615234375,0.2035064078701249,,,161.65
47,3051.928131517972,10381.44140625,103.9379653930664,0.1953661515553199,,,169.66
48,2480.0393632531136,10179.0361328125,95.06700897216797,0.1875515054931071,,,174.69
49,3785.754522652549,10049.7392578125,127.79579162597656,0.1800494452733828,,,180.6
50,3273.128028823726,9877.1064453125,108.2784423828125,0.17284746746244747,4719.686336962222,"0,7,4,1,5,3,2,6",206.49
51,6359.895174043757,9720.6513671875,112.64342498779297,0.16593356876394957,,,208.88
52,4694.171837710104,9593.6767578125,129.0299835205078,0.15929622601339158,,,216.97
53,3533.646682334548,9449.548828125,114.69245147705078,0.1529243769728559,,,241.6
54,2167.2602979455087,9293.845703125,107.38017272949219,0.14680740189394167,,,248.79
55,4432.577791001353,9174.7626953125,130.7125244140625,0.140935105818184,,,264.17
56,2773.9176486012097,9039.7197265625,113.39971160888672,0.13529770158545662,,,277.87
57,2463.0156536657687,8894.0791015625,97.43710327148438,0.12988579352203836,,,289.7
58,2376.0925932069617,8759.5087890625,100.30262756347656,0.12469036178115682,,,337.49
59,2105.167356167118,8649.2666015625,105.01405334472656,0.11970274730991054,,,420.78
60,4386.905740569015,8527.865234375,104.14271545410156,0.11491463741751412,,,441.99
61,2869.3771501958145,8388.7392578125,51.91474914550781,0.11031805192081355,,,452.65
62,2946.247809801233,8301.1513671875,105.97688293457031,0.105905329843981,,,496.42
63,4300.987984582722,8202.0166015625,68.87998962402344,0.10166911665022176,,,511.77
64,3436.297022751417,8118.94287109375,100.49132537841797,0.09760235198421288,,,561.28
65,2737.528909505804,8031.3798828125,90.60575866699219,0.09369825790484436,,,672.43
66,790.4320963838373,7935.89013671875,70.49640655517578,0.08995032758865058,,,722.6
67,3114.1417822197764,7828.79052734375,64.89834594726562,0.08635231448510455,,,770.52
68,3915.860517636508,7748.91455078125,81.66061401367188,0.08289822190570037,,,797.47
69,4219.089856914349,7657.67431640625,76.24478912353516,0.07958229302947235,,,824.68
70,1589.8411168401785,7579.1748046875,85.04881286621094,0.07639900130829345,,,909.44
71,4548.85916667813,7480.373046875,75.92040252685547,0.07334304125596171,,,917.49
72,5326.99740750855,7383.298828125,76.90081787109375,0.07040931960572323,,,964.16
73,3049.2508889639003,7303.12255859375,83.56403350830078,0.0675929468214943,,,1033.35
74,2905.027967471662,7219.71923828125,82.0582504272461,0.06488922894863453,,,1065.26
75,4765.627612811782,7127.58056640625,64.87481689453125,0.06229365979068914,,,1095.52
76,4136.112665064876,7056.80419921875,91.5398941040039,0.059801913399061574,,,1130.74
77,2959.972640664688,6992.14404296875,95.39994049072266,0.05740983686309911,,,1186.96
78,3564.5987289276345,6915.1484375,75.75013732910156,0.05511344338857514,,,1267.0
79,2365.153361496159,6835.9658203125,63.71556091308594,0.052908905653032134,,,1305.99
80,3575.476516945591,6752.537109375,58.36772918701172,0.050792549426910846,,,1410.56
81,4837.4345805575795,6683.78955078125,70.52577209472656,0.05,,,1417.09
82,4125.625020629893,6620.5859375,91.59347534179688,0.05,,,1455.18
83,3028.2830490581186,6544.48486328125,61.11979675292969,0.05,,,1554.07
84,2695.559362636126,6481.57958984375,82.03170776367188,0.05,,,1609.14
85,1574.2804794016834,6415.40234375,69.49958801269531,0.05,,,1639.91
86,4331.010842448631,6346.7333984375,63.962738037109375,0.05,,,1669.25
87,4098.61211168298,6278.5185546875,60.062644958496094,0.05,,,1679.28
88,584.5267769618051,6214.03369140625,62.22233963012695,0.05,,,1819.77
89,3861.778048559184,6149.38623046875,62.16234588623047,0.05,,,1833.42
90,4493.192903614506,6086.89697265625,57.560516357421875,0.05,,,1862.69
91,3954.416068139293,6022.88134765625,57.24641418457031,0.05,,,1874.38
92,4331.454247592189,5973.50830078125,66.81312561035156,0.05,,,1877.77
93,3491.207631160055,5924.2490234375,71.73182678222656,0.05,,,1903.88
94,3888.356772171931,5864.18505859375,52.74189758300781,0.05,,,1935.59
95,2535.4947458606434,5805.140625,52.26620864868164,0.05,,,1944.75
96,1582.1515831888742,5746.93310546875,45.86302947998047,0.05,,,2048.51
97,2729.6048052383094,5685.39111328125,33.23656463623047,0.05,,,2051.94
98,2636.679516082543,5632.64111328125,58.749446868896484,0.05,,,2095.44
99,3902.1054533088923,5578.40380859375,45.62432098388672,0.05,,,2103.07
100,4443.917383047733,5537.76513671875,60.17401123046875,0.05,3863.7793686059235,"2,3,0,1,4,5,6,7",2148.75
101,1848.310931933777,5503.10302734375,89.0736083984375,0.05,,,2257.59
102,1162.7086925663677,5471.02685546875,67.67922973632812,0.05,,,2338.22
103,5210.167424130416,5431.47216796875,63.31501388549805,0.05,,,2355.39
104,3952.205934079633,5387.5888671875,57.84439468383789,0.05,,,2358.39
105,2938.2415176758605,5345.18701171875,60.08038330078125,0.05,,,2407.91
106,1895.3894603307758,5297.83447265625,46.922019958496094,0.05,,,2455.67
107,-409.23191295909277,5252.796875,42.87386703491211,0.05,,,2665.09
108,3203.981462750189,5213.708984375,57.27403259277344,0.05,,,2670.59
109,5684.545314727874,5184.18994140625,73.1202621459961,0.05,,,2697.65
110,3430.8978691594243,5142.87939453125,58.95821762084961,0.05,,,2782.63
111,2135.920437509001,5102.328125,67.14436340332031,0.05,,,2802.81
112,1759.173643962373,5061.8134765625,56.4269905090332,0.05,,,2915.02
113,3228.1708998792083,5024.8994140625,53.63722610473633,0.05,,,2989.22
114,4361.169007288856,4988.1044921875,47.63966369628906,0.05,,,2992.38
115,2458.23871196172,4943.998046875,26.60528564453125,0.05,,,3150.92
116,2931.932698010665,4909.90869140625,45.616722106933594,0.05,,,3266.7
117,4156.520858032947,4869.88427734375,36.49728775024414,0.05,,,3288.93
118,2841.9533297327202,4834.78564453125,41.24048614501953,0.05,,,3339.47
119,2236.9797867307807,4795.36767578125,32.76048278808594,0.05,,,3430.46
120,3988.7371542906726,4757.60595703125,40.80384063720703,0.05,,,3443.03
121,4962.145326915914,4728.205078125,62.61674880981445,0.05,,,3476.11
122,4294.27185694819,4697.17626953125,57.872684478759766,0.05,,,3495.77
123,4441.899424792719,4665.8564453125,60.274620056152344,0.05,,,3500.11
124,5248.925207416581,4632.02978515625,48.645751953125,0.05,,,3505.83
125,4190.84063635137,4595.916015625,39.43062973022461,0.05,,,3509.29
126,4856.576522539379,4560.59228515625,41.21173858642578,0.05,,,3512.9
127,1126.3390666393802,4525.9599609375,40.989524841308594,0.05,,,3669.7
128,4124.078416176964,4492.095703125,37.76801300048828,0.05,,,3672.32
129,2531.599924983799,4464.1435546875,57.0067024230957,0.05,,,3709.07
130,4410.84108021656,4429.8359375,35.90904998779297,0.05,,,3712.56
131,2663.1433387739603,4397.6943359375,38.56381607055664,0.05,,,3715.95
132,3925.2033571805046,4365.27783203125,37.987815856933594,0.05,,,3726.87
133,2912.78000912905,4332.7041015625,35.3420524597168,0.05,,,3760.75
134,864.0926039877182,4303.634765625,43.77082061767578,0.05,,,3910.28
135,2487.04064516647,4275.05615234375,42.31352233886719,0.05,,,3927.53
136,2965.6635866130914,4245.8857421875,31.054821014404297,0.05,,,3943.12
137,2185.3773708827825,4217.02294921875,28.91344451904297,0.05,,,4034.95
138,2541.099410677782,4185.4697265625,17.459211349487305,0.05,,,4046.77
139,3210.8279683672586,4156.78662109375,27.838552474975586,0.05,,,4051.08
140,2169.832481612539,4127.8505859375,25.815092086791992,0.05,,,4139.35
141,1114.5208392131349,4113.77392578125,59.651432037353516,0.05,,,4301.04
142,4180.776977366626,4088.876953125,39.42716979980469,0.05,,,4304.37
143,4084.407366766353,4065.2509765625,46.026084899902344,0.05,,,4328.65
144,3915.5626145367755,4041.768310546875,42.10237121582031,0.05,,,4366.7
145,3749.570378924357,4017.25146484375,38.89706039428711,0.05,,,4384.44
146,-2144.7367119725127,3995.799560546875,48.89826583862305,0.05,,,4657.74
147,1983.3317142834426,3968.68798828125,25.897659301757812,0.05,,,4661.1
148,957.579204627448,3951.310791015625,44.693016052246094,0.05,,,4838.13
149,5239.482768007885,3926.921142578125,31.35533905029297,0.05,,,4841.15
150,3814.4679323663536,3902.92041015625,33.858089447021484,0.05,3790.8580252842257,"1,6,2,5,0,3,4,7",4847.03
151,1022.6556321822892,3877.319091796875,25.87807846069336,0.05,,,5007.97
152,4577.09091195055,3855.942138671875,40.99241638183594,0.05,,,5027.66
153,1638.6048639615399,3830.69140625,23.617286682128906,0.05,,,5111.28
154,3027.2313017679585,3806.514404296875,30.631837844848633,0.05,,,5123.8
155,4420.753471582964,3785.069580078125,37.69343566894531,0.05,,,5164.1
156,3155.7832305171382,3761.7373046875,25.44690704345703,0.05,,,5202.12
157,4656.293351265931,3740.617919921875,33.371788024902344,0.05,,,5204.97
158,1843.5130331771993,3720.04541015625,28.309986114501953,0.05,,,5329.93
159,2625.4668129226934,3697.685546875,26.358627319335938,0.05,,,5351.84
160,2750.4696090533357,3677.03515625,29.02244758605957,0.05,,,5403.34
161,2516.590311889594,3658.939208984375,47.02505111694336,0.05,,,5414.76
162,4563.709948060317,3639.674560546875,39.031951904296875,0.05,,,5417.46
163,4572.793437066628,3619.67578125,28.43097686767578,0.05,,,5420.62
164,2611.361812460508,3600.56201171875,38.68007278442383,0.05,,,5430.19
165,3613.9378628282657,3579.650634765625,29.72870445251465,0.05,,,5449.63
166,3585.2635996528165,3559.21826171875,24.849828720092773,0.05,,,5480.78
167,1760.243296212988,3538.12109375,26.20501708984375,0.05,,,5546.3
168,4202.235157074444,3517.52490234375,23.80550193786621,0.05,,,5548.97
169,1310.0924799886445,3496.991455078125,27.90875244140625,0.05,,,5698.32
170,1679.1229008450748,3478.04443359375,28.543163299560547,0.05,,,5843.78
171,4921.461930454174,3460.691650390625,35.46751403808594,0.05,,,5847.19
172,3470.602767238721,3445.1044921875,34.23169708251953,0.05,,,5850.58
173,4144.098486094231,3426.374267578125,32.627986907958984,0.05,,,5854.11
174,2830.482829547376,3406.847412109375,21.56222152709961,0.05,,,5892.55
175,982.4019303831027,3387.662841796875,18.364948272705078,0.05,,,5974.27
176,4135.933514172843,3371.064453125,30.450759887695312,0.05,,,6000.74
177,3393.163860103709,3352.097900390625,16.195720672607422,0.05,,,6067.89
178,1642.335690515557,3335.4560546875,26.254486083984375,0.05,,,6156.9
179,220.63132108140388,3318.384033203125,23.412696838378906,0.05,,,6320.33
180,1818.4354635041939,3301.03515625,18.885746002197266,0.05,,,6472.25
181,4423.705020510796,3282.322265625,12.74406623840332,0.05,,,6475.25
182,4371.812208288316,3264.862060546875,19.153167724609375,0.05,,,6478.57
183,3283.6537318741493,3247.3232421875,19.229345321655273,0.05,,,6520.87
184,1713.3848797884882,3229.273193359375,14.559431076049805,0.05,,,6601.13
185,4378.463009682739,3211.963134765625,16.524995803833008,0.05,,,6608.49
186,5588.122312567944,3197.55859375,27.5377197265625,0.05,,,6611.75
187,4656.736471217346,3180.0732421875,12.894153594970703,0.05,,,6614.6
188,4141.213819461098,3162.92333984375,15.256796836853027,0.05,,,6618.0
189,3747.2496044596605,3146.284912109375,20.159854888916016,0.05,,,6621.32
190,3030.9746345687886,3130.462890625,25.3642635345459,0.05,,,6665.4
191,4273.821846495051,3115.135498046875,21.901042938232422,0.05,,,6698.81
192,2943.137617616782,3098.872314453125,14.733155250549316,0.05,,,6770.09
193,1468.6645280673795,3083.23291015625,20.263999938964844,0.05,,,6839.85
194,3730.8213497888,3067.174560546875,12.164426803588867,0.05,,,6843.41
195,4061.196033995083,3052.117431640625,20.386207580566406,0.05,,,6853.57
196,4102.16786878271,3036.516845703125,14.820414543151855,0.05,,,6878.37
197,3787.09385784208,3025.07470703125,20.437389373779297,0.05,,,6899.18
198,1933.364317043092,3009.970947265625,17.624113082885742,0.05,,,6987.78
199,3891.419396420598,2994.602783203125,13.093961715698242,0.05,,,6991.33
200,3227.5545092581015,2979.4814453125,12.560497283935547,0.05,2445.9343298824106,"7,3,1,2,0,5,4,6",7053.12
201,2834.3661778790442,2964.794189453125,18.242286682128906,0.05,,,7087.17
202,4100.841575810629,2957.825439453125,43.453819274902344,0.05,,,7090.31
203,1563.7146615064291,2943.36572265625,21.262161254882812,0.05,,,7165.55
204,2882.2220035160985,2931.60205078125,32.49713897705078,0.05,,,7222.51
205,4288.609199508591,2921.376953125,37.14011001586914,0.05,,,7243.77
206,3324.923776384432,2907.47021484375,23.88998031616211,0.05,,,7246.88
207,3784.218552984136,2893.76708984375,23.582284927368164,0.05,,,7284.15
208,2330.0384026325532,2883.6689453125,41.8366584777832,0.05,,,7315.69
209,746.3431666766802,2871.535888671875,34.96662521362305,0.05,,,7411.06
210,7.922776546876612,2861.068359375,37.848114013671875,0.05,,,7594.71
211,2121.7577673805567,2848.322265625,24.066749572753906,0.05,,,7667.61
212,2243.18527069352,2835.254150390625,22.901138305664062,0.05,,,7685.35
213,4720.768907339103,2822.0859375,15.100564002990723,0.05,,,7691.61
214,4618.310259806951,2808.93359375,13.946428298950195,0.05,,,7702.56
215,4795.530319405985,2796.423583984375,15.862210273742676,0.05,,,7705.95
216,4463.533714412984,2784.294921875,17.074562072753906,0.05,,,7709.48
217,3904.6541477630153,2772.65869140625,21.141124725341797,0.05,,,7712.92
218,3072.89522839391,2759.942626953125,17.468660354614258,0.05,,,7760.8
219,3632.0507586674817,2747.298095703125,16.137258529663086,0.05,,,7764.25
220,4373.859615369801,2736.262939453125,23.78311538696289,0.05,,,7767.81
221,3712.902822432793,2724.245849609375,15.285049438476562,0.05,,,7770.49
222,4779.911867523848,2711.862548828125,12.663141250610352,0.05,,,7774.01
223,684.0765922875295,2699.4453125,11.677043914794922,0.05,,,7957.93
224,5101.9424169082995,2687.455322265625,15.624058723449707,0.05,,,7961.46
225,2984.174393179513,2675.75048828125,17.872360229492188,0.05,,,8005.24
226,4531.481404851714,2664.29833984375,19.502180099487305,0.05,,,8040.38
227,2800.618741537238,2652.697998046875,21.4146785736084,0.05,,,8068.73
228,2213.0782600745447,2641.111083984375,18.63373374938965,0.05,,,8163.38
229,2596.7011042298454,2629.725830078125,19.262710571289062,0.05,,,8176.36
230,4602.275425949073,2618.251220703125,15.0608549118042,0.05,,,8179.51
231,3694.3165723193797,2607.00732421875,17.476469039916992,0.05,,,8183.11
232,3748.396804264637,2595.606201171875,11.426000595092773,0.05,,,8186.44
233,4358.247751877886,2584.56103515625,12.865331649780273,0.05,,,8189.4
234,719.3019920903334,2573.585693359375,13.07918930053711,0.05,,,8332.75
235,4222.651818683556,2562.47607421875,9.738241195678711,0.05,,,8336.23
236,3900.181917010402,2551.509765625,10.029192924499512,0.05,,,8339.52
237,5182.764662973758,2541.107421875,17.2553768157959,0.05,,,8342.96
238,2589.0029587227978,2530.459228515625,11.696249008178711,0.05,,,8361.19
239,2876.759023948823,2520.2021484375,17.226640701293945,0.05,,,8367.36
240,3542.5723429361155,2509.6455078125,10.67283821105957,0.05,,,8370.19
241,4400.272090549956,2499.5390625,16.967510223388672,0.05,,,8373.26
242,482.4921309229542,2489.172119140625,14.085704803466797,0.05,,,8509.04
243,3517.890957036716,2479.215087890625,18.43738555908203,0.05,,,8527.59
244,3908.1625339181796,2469.98583984375,23.30306625366211,0.05,,,8531.01
245,3623.1354028007204,2460.138916015625,18.015966415405273,0.05,,,8534.04
246,-241.64891232432277,2450.43017578125,16.85222625732422,0.05,,,8676.74
247,3052.940505211368,2440.59619140625,17.276426315307617,0.05,,,8700.8
248,3764.685350767286,2430.58349609375,13.247791290283203,0.05,,,8704.24
249,4831.753258645993,2420.6845703125,14.242424964904785,0.05,,,8707.55
250,4070.50292346102,2410.8974609375,14.280302047729492,0.05,4495.652350249093,"6,3,0,4,1,5,7,2",8713.06
251,4443.118239579547,2401.408203125,16.54599952697754,0.05,,,8716.14
252,2832.672706628443,2392.068603515625,16.592819213867188,0.05,,,8725.65
253,1129.3015273956757,2382.69091796875,15.452364921569824,0.05,,,8807.1
254,2656.100440659174,2373.210205078125,11.548310279846191,0.05,,,8845.45
255,4301.675326031757,2364.349853515625,17.207473754882812,0.05,,,8848.56
256,4262.7885702489175,2355.094970703125,9.855722427368164,0.05,,,8851.85
257,3988.6325696761696,2345.7451171875,8.347887992858887,0.05,,,8855.49
258,4256.028756846839,2336.748046875,12.578126907348633,0.05,,,8876.02
259,3382.084367083098,2328.37353515625,19.51605796813965,0.05,,,8929.44
260,4747.4544906780975,2319.3994140625,14.32463264465332,0.05,,,8942.59
261,4158.315603441951,2310.452880859375,13.421747207641602,0.05,,,8945.84
262,3636.840985562168,2301.881103515625,16.895631790161133,0.05,,,8954.5
263,4110.276612256797,2293.28466796875,18.328514099121094,0.05,,,8977.6
264,4274.240539462009,2284.867431640625,13.415307998657227,0.05,,,8981.0
265,3541.7045771677076,2276.196044921875,12.23963451385498,0.05,,,8985.58
266,1567.4144381128142,2267.566650390625,10.989566802978516,0.05,,,9157.36
267,4261.787534889014,2259.06005859375,10.589683532714844,0.05,,,9160.72
268,3531.571097303789,2250.584228515625,9.415096282958984,0.05,,,9163.16
269,3284.1065133626776,2242.53466796875,14.480552673339844,0.05,,,9172.79
270,3488.4057794791725,2234.76513671875,17.844778060913086,0.05,,,9215.8
271,4002.5176439824063,2227.2841796875,16.813770294189453,0.05,,,9238.92
272,5787.237431465957,2219.37841796875,13.338245391845703,0.05,,,9242.39
273,2871.664295501174,2211.396728515625,11.878974914550781,0.05,,,9331.98
274,1989.2161963504293,2203.63134765625,12.701723098754883,0.05,,,9402.86
275,2296.9742403652704,2195.6318359375,9.842069625854492,0.05,,,9485.81
276,3597.431297375863,2187.572021484375,7.195249557495117,0.05,,,9489.1
277,1494.5925332951,2179.607177734375,7.146026611328125,0.05,,,9584.06
278,5623.195459872422,2171.615234375,7.12716007232666,0.05,,,9592.93
279,3455.009243601114,2163.692626953125,7.1382551193237305,0.05,,,9612.53
280,2588.220787388426,2156.0634765625,13.33851146697998,0.05,,,9635.84
281,3902.334962459218,2148.446044921875,14.44249153137207,0.05,,,9639.11
282,2836.202841881953,2140.8115234375,12.073720932006836,0.05,,,9708.15
283,4186.856819062023,2133.87646484375,21.64647674560547,0.05,,,9710.74
284,1616.9307933981352,2126.334716796875,12.280328750610352,0.05,,,9769.69
285,3847.119828161395,2119.045654296875,15.15373706817627,0.05,,,9772.97
286,4277.553086924657,2111.942138671875,16.63197135925293,0.05,,,9814.13
287,3675.100145576741,2104.5869140625,11.647817611694336,0.05,,,9817.59
288,4238.628974140074,2097.661376953125,17.006332397460938,0.05,,,9821.05
289,4090.465277145146,2090.74169921875,14.053447723388672,0.05,,,9824.38
290,4028.4356428207275,2083.59521484375,14.23108959197998,0.05,,,9827.56
291,2820.563196139837,2076.358642578125,9.663701057434082,0.05,,,9924.99
292,6520.772874521151,2069.224609375,11.490328788757324,0.05,,,9928.45
293,3749.8777487560424,2062.137451171875,9.983375549316406,0.05,,,9932.16
294,3207.131398284005,2055.0625,9.784513473510742,0.05,,,10006.91
295,3640.9539646670387,2048.0693359375,9.612434387207031,0.05,,,10009.76
296,3019.446025135925,2041.2752685546875,11.421523094177246,0.05,,,10047.12
297,1898.1970941033555,2034.479736328125,11.187260627746582,0.05,,,10086.56
298,4577.132462726852,2027.9168701171875,13.800383567810059,0.05,,,10100.18
299,3583.0785931600217,2021.1636962890625,11.705583572387695,0.05,,,10103.76
300,1212.6509394611799,2014.8204345703125,16.25769805908203,0.05,4607.832178676785,"6,7,2,3,5,0,4,1",10191.9
301,3700.957781664806,2009.1031494140625,21.121902465820312,0.05,,,10195.42
302,3106.91280941583,2002.5455322265625,14.40728759765625,0.05,,,10198.85
303,2294.3522744728484,1996.4951171875,16.668601989746094,0.05,,,10285.48
304,3378.252852649608,1990.08251953125,13.404279708862305,0.05,,,10289.01
305,5394.547701438614,1983.592529296875,11.930907249450684,0.05,,,10292.31
306,4743.09377091651,1977.3367919921875,13.330608367919922,0.05,,,10295.75
307,5393.811548638922,1970.83056640625,10.127857208251953,0.05,,,10299.12
308,4697.241822922414,1964.715087890625,15.996010780334473,0.05,,,10302.16
309,3592.2778567122114,1958.29052734375,9.068509101867676,0.05,,,10305.55
310,3571.179996305328,1951.9488525390625,10.53233528137207,0.05,,,10310.44
311,2838.5580439102873,1945.5838623046875,8.08510971069336,0.05,,,10353.62
312,4718.641590014417,1939.445068359375,10.71474838256836,0.05,,,10370.56
313,3441.990770337418,1933.2181396484375,9.146333694458008,0.05,,,10381.95
314,2632.8699238135523,1927.2152099609375,11.959928512573242,0.05,,,10438.34
315,4058.886547401845,1921.012939453125,5.30592155456543,0.05,,,10441.48
316,3352.7532000528468,1914.913818359375,8.176355361938477,0.05,,,10445.01
317,3575.776202084626,1909.1534423828125,13.090803146362305,0.05,,,10448.52
318,4571.234071331959,1903.1131591796875,8.099228858947754,0.05,,,10451.83
319,3324.982033461513,1897.0537109375,5.690915584564209,0.05,,,10498.03
320,196.25491337664698,1891.1090087890625,7.259631156921387,0.05,,,10619.1
321,3391.077730081648,1885.2325439453125,12.17833423614502,0.05,,,10622.76
322,4881.894544021863,1879.2874755859375,7.9056315422058105,0.05,,,10626.24
323,2723.1097192013813,1873.4237060546875,9.916107177734375,0.05,,,10706.44
324,3342.1759718377157,1867.5975341796875,10.352542877197266,0.05,,,10718.65
325,3144.2277133398975,1861.85986328125,9.62515640258789,0.05,,,10754.82
326,4274.148100232914,1856.0809326171875,8.682960510253906,0.05,,,10758.31
327,2008.7578131673051,1850.3695068359375,9.613533020019531,0.05,,,10833.47
328,2986.6715313422687,1844.6697998046875,8.682753562927246,0.05,,,10840.77
329,4911.80389288835,1839.480224609375,15.677106857299805,0.05,,,10844.17
330,5435.174530209113,1833.899169921875,9.355096817016602,0.05,,,10847.19
331,4491.927939016228,1828.41015625,10.688430786132812,0.05,,,10850.01
332,4087.737953273853,1823.0213623046875,11.246679306030273,0.05,,,10853.42
333,3967.113900070681,1817.47216796875,6.32882022857666,0.05,,,10856.42
334,3041.993733263808,1812.0374755859375,8.434822082519531,0.05,,,10859.16
335,2343.173617727567,1806.7269287109375,8.808279037475586,0.05,,,10862.54
336,3367.9410553427933,1801.3009033203125,5.874349594116211,0.05,,,10865.93
337,2098.6346640457423,1795.919921875,8.192994117736816,0.05,,,10907.56
338,3793.1448367923035,1790.51171875,4.777001857757568,0.05,,,10910.02
339,4255.526107887372,1785.2108154296875,6.866243362426758,0.05,,,10913.28
340,5285.360326771599,1779.8984375,6.39299201965332,0.05,,,10916.73
341,4407.741653693602,1774.7012939453125,11.51149845123291,0.05,,,10919.76
342,3653.9263618544023,1769.525146484375,10.507596969604492,0.05,,,10940.96
343,3212.007844162225,1764.34619140625,9.078337669372559,0.05,,,10945.97
344,1691.197522533398,1759.1602783203125,8.130741119384766,0.05,,,11033.3
345,3850.5863834303996,1754.11572265625,10.757524490356445,0.05,,,11036.87
346,4738.917899998581,1748.9791259765625,7.141887187957764,0.05,,,11040.09
347,4059.010386023137,1743.937255859375,9.012468338012695,0.05,,,11043.66
348,4908.308977177402,1738.9732666015625,10.275737762451172,0.05,,,11047.37
349,3673.4030181336366,1734.094970703125,9.79037094116211,0.05,,,11080.57
350,3968.555361308892,1729.0765380859375,6.355045318603516,0.05,3138.871349834163,"0,1,3,7,4,2,6,5",11086.47
351,3307.8152494276987,1724.1927490234375,8.605513572692871,0.05,,,11103.55
352,4176.354014500968,1719.2398681640625,6.291938304901123,0.05,,,11106.99
353,5199.27982638038,1714.4307861328125,8.553707122802734,0.05,,,11110.5
354,4288.983453977291,1709.6688232421875,10.000162124633789,0.05,,,11113.62
355,2796.7786467759497,1704.876220703125,9.134298324584961,0.05,,,11117.1
356,2838.4706077588803,1700.040283203125,5.576450824737549,0.05,,,11231.12
357,3772.294618999856,1695.5355224609375,12.422534942626953,0.05,,,11282.94
358,3507.2897974234447,1690.8511962890625,9.666833877563477,0.05,,,11287.14
359,3165.788850894503,1686.2078857421875,10.577995300292969,0.05,,,11290.6
360,3533.7019234444783,1681.607421875,9.966564178466797,0.05,,,11311.13
361,4495.030193971065,1677.1474609375,15.957732200622559,0.05,,,11314.7
362,4755.233662509952,1672.4549560546875,7.586111068725586,0.05,,,11318.09
363,3438.2516333782864,1667.860107421875,10.563373565673828,0.05,,,11321.05
364,4302.485876511651,1663.3154296875,10.407337188720703,0.05,,,11327.87
365,3435.9431540825162,1658.7344970703125,8.184067726135254,0.05,,,11332.28
366,4274.080777644348,1654.16748046875,7.769682884216309,0.05,,,11335.63
367,3795.4673735635415,1649.66748046875,8.953666687011719,0.05,,,11338.98
368,4557.213357029709,1645.2825927734375,10.066967010498047,0.05,,,11341.78
369,3953.2739124924096,1640.8175048828125,9.06393051147461,0.05,,,11345.15
370,4673.358631034116,1636.39794921875,9.572757720947266,0.05,,,11348.49
371,2736.088776409458,1632.0147705078125,9.86746597290039,0.05,,,11351.89
372,3475.174624937256,1627.63134765625,9.269257545471191,0.05,,,11355.24
373,4438.477492015224,1623.233642578125,7.57402229309082,0.05,,,11358.53
374,3562.0632405982315,1618.8785400390625,8.26220703125,0.05,,,11438.62
375,5143.562874894288,1614.6513671875,9.740087509155273,0.05,,,11442.05
376,4650.77191166257,1610.411376953125,8.787506103515625,0.05,,,11444.95
377,4777.894424115321,1606.1766357421875,8.783082962036133,0.05,,,11448.32
378,3957.5378096189784,1602.03955078125,10.774652481079102,0.05,,,11451.35
379,3731.4130610531797,1597.8306884765625,7.489213943481445,0.05,,,11454.81
380,2392.0133170189692,1593.58056640625,5.584942817687988,0.05,,,11517.91
381,3099.3491532208163,1589.51171875,12.624588012695312,0.05,,,11521.33
382,4563.868897709233,1585.318359375,8.226333618164062,0.05,,,11529.62
383,2139.2577023547,1581.1517333984375,7.661297798156738,0.05,,,11609.8
384,2302.7392649939857,1577.10546875,11.472112655639648,0.05,,,11613.41
385,307.1414418725874,1573.044921875,9.280373573303223,0.05,,,11769.62
386,4038.821387663877,1569.02587890625,10.037271499633789,0.05,,,11772.99
387,3458.3686798486797,1565.1180419921875,10.110159873962402,0.05,,,11776.09
388,4052.7527902410566,1561.0538330078125,6.0921854972839355,0.05,,,11779.49
389,1816.9765956447914,1557.0303955078125,6.782320022583008,0.05,,,11801.06
390,3495.957840849757,1553.0611572265625,8.766094207763672,0.05,,,11863.34
391,2958.408460714936,1549.1888427734375,9.690582275390625,0.05,,,11906.63
392,3715.4768643795187,1545.2474365234375,6.872393608093262,0.05,,,11909.79
393,4232.342088603462,1541.50244140625,10.24893569946289,0.05,,,11932.69
394,3784.9782357179547,1537.6900634765625,7.7005205154418945,0.05,,,11935.97
395,3482.123342042243,1533.7554931640625,5.074688911437988,0.05,,,11942.35
396,4494.194668079639,1530.0379638671875,10.33742904663086,0.05,,,11945.68
397,4122.620323192282,1526.81298828125,12.594610214233398,0.05,,,11949.1
398,3819.0577659867245,1523.2174072265625,12.560053825378418,0.05,,,11956.52
399,1473.3355523355806,1519.464599609375,7.940457820892334,0.05,,,12103.16
400,4072.3841535416354,1515.7598876953125,8.829362869262695,0.05,4701.95730802005,"3,1,2,0,5,6,4,7",12109.22
401,3756.885109618938,1512.022216796875,10.445199012756348,0.05,,,12112.0
402,4536.522431276237,1508.2611083984375,9.208069801330566,0.05,,,12115.12
403,4013.713707593848,1504.4791259765625,6.657591819763184,0.05,,,12118.68
404,3502.9908930543734,1501.039306640625,14.006669998168945,0.05,,,12163.9
405,5113.765844797973,1497.35693359375,9.224044799804688,0.05,,,12167.21
406,3723.871257686119,1493.691162109375,7.819751739501953,0.05,,,12170.64
407,4346.206677662116,1490.2427978515625,12.25732421875,0.05,,,12173.07
408,2340.503154327709,1486.6710205078125,9.262158393859863,0.05,,,12230.76
409,716.5167529013521,1483.1368408203125,8.422229766845703,0.05,,,12357.14
410,3207.8533404762393,1479.49365234375,8.204875946044922,0.05,,,12386.0
411,3607.820281435885,1476.2037353515625,14.313207626342773,0.05,,,12389.3
412,4149.128084614522,1472.6490478515625,8.045465469360352,0.05,,,12392.49
413,1617.8816802812369,1469.350830078125,13.880688667297363,0.05,,,12546.37
414,4678.321103507718,1465.8670654296875,8.060526847839355,0.05,,,12549.88
415,3329.091603551953,1462.36669921875,7.362406253814697,0.05,,,12592.59
416,4519.533795421175,1459.0364990234375,9.202580451965332,0.05,,,12596.01
417,3679.9887092345416,1455.5367431640625,7.320126056671143,0.05,,,12599.0
418,5056.967235762015,1452.010498046875,4.330189228057861,0.05,,,12602.36
419,1547.3325709902008,1448.5560302734375,6.251791954040527,0.05,,,12666.71
420,4232.489820042166,1445.09521484375,6.5577216148376465,0.05,,,12670.05
421,3572.182431035142,1441.6834716796875,10.033197402954102,0.05,,,12673.63
422,3528.8357514927266,1438.30517578125,10.83725357055664,0.05,,,12677.1
423,2412.7930014169197,1435.00244140625,10.944112777709961,0.05,,,12738.89
424,2423.564906360847,1431.7149658203125,11.467695236206055,0.05,,,12752.55
425,3209.30055614178,1428.3455810546875,8.03543758392334,0.05,,,12821.92
426,3211.9624170902484,1425.0811767578125,8.791887283325195,0.05,,,12852.02
427,3632.3240258493756,1421.7969970703125,9.186603546142578,0.05,,,12855.39
428,4026.4770693590685,1418.5,7.815150260925293,0.05,,,12858.66
429,3091.5411504425915,1415.181884765625,6.042259216308594,0.05,,,12861.84
430,3180.11505082612,1412.0623779296875,13.101781845092773,0.05,,,12864.61
431,2985.442383560844,1408.833984375,8.759803771972656,0.05,,,12943.3
432,5390.8405792549665,1405.5400390625,5.007757186889648,0.05,,,12946.87
433,2038.7627737155092,1402.506591796875,11.850624084472656,0.05,,,13013.5
434,4295.733780009437,1399.2557373046875,6.432125568389893,0.05,,,13016.76
435,3554.8126929122013,1396.2021484375,9.321364402770996,0.05,,,13049.37
436,3511.7390711304406,1393.091064453125,10.766456604003906,0.05,,,13063.42
437,4322.317809013192,1389.9742431640625,9.703865051269531,0.05,,,13066.91
438,3544.4674494080627,1386.8179931640625,7.197179317474365,0.05,,,13098.61
439,2547.754281954618,1383.6864013671875,7.672340393066406,0.05,,,13116.6
440,1583.5236116576866,1380.5491943359375,7.108329772949219,0.05,,,13253.02
441,3293.7185530756674,1377.593994140625,12.541173934936523,0.05,,,13304.34
442,3521.5642964101166,1374.5048828125,10.026638984680176,0.05,,,13307.68
443,2599.333601489537,1371.3758544921875,6.594361305236816,0.05,,,13339.6
444,3288.487994118596,1368.3150634765625,8.82943344116211,0.05,,,13342.6
445,-64.37905752632344,1365.2296142578125,7.128711700439453,0.05,,,13535.9
446,3189.128172526161,1362.26611328125,9.430686950683594,0.05,,,13539.07
447,2640.4005049557745,1359.2913818359375,9.119966506958008,0.05,,,13574.27
448,2990.4665416833504,1356.248291015625,4.958538055419922,0.05,,,13587.41
449,4119.299678161274,1353.2139892578125,6.511688232421875,0.05,,,13622.08
450,2529.1005368638757,1350.1937255859375,5.093361854553223,0.05,4676.1126959951,"0,5,6,3,1,2,7,4",13661.29
451,5102.902016627678,1347.160888671875,4.179098606109619,0.05,,,13664.85
452,2990.82696874839,1344.24267578125,9.231191635131836,0.05,,,13710.98
453,4697.8594433785975,1341.287841796875,6.374627590179443,0.05,,,13713.93
454,4289.644664275514,1338.3328857421875,6.25901985168457,0.05,,,13723.12
455,3395.9187127784303,1335.4107666015625,7.136288166046143,0.05,,,13729.38
456,2343.1716705069343,1332.55322265625,9.281810760498047,0.05,,,13771.9
457,3536.3257504339103,1329.8123779296875,8.788158416748047,0.05,,,13775.05
458,4197.808144440652,1326.9169921875,5.768136978149414,0.05,,,13778.62
459,3549.4614159047915,1324.025634765625,6.099794864654541,0.05,,,13781.93
460,5199.000957948463,1321.3773193359375,12.288345336914062,0.05,,,13790.07
461,3564.71577208846,1318.5491943359375,9.907833099365234,0.05,,,13793.03
462,4830.049683590364,1315.740966796875,9.902116775512695,0.05,,,13795.33
463,3646.4779997973565,1312.93115234375,8.457005500793457,0.05,,,13798.07
464,-2295.3502465880247,1310.1053466796875,7.562240123748779,0.05,,,14089.97
465,4647.453563321442,1307.397705078125,10.286581039428711,0.05,,,14093.5
466,3839.6235894067686,1304.6029052734375,7.182851791381836,0.05,,,14104.03
467,2902.189572487558,1301.937255859375,9.761588096618652,0.05,,,14145.13
468,2813.9593940239924,1299.1295166015625,4.5854172706604,0.05,,,14181.95
469,4554.179915655461,1296.408447265625,9.223344802856445,0.05,,,14184.43
470,2966.923162271676,1293.682373046875,7.711245059967041,0.05,,,14279.19
471,4474.057531413318,1290.9761962890625,6.574641704559326,0.05,,,14282.46
472,2787.7471471386025,1288.23583984375,5.240744590759277,0.05,,,14297.52
473,4393.306434312176,1285.489990234375,4.572808265686035,0.05,,,14300.96
474,3684.0937862787937,1282.7681884765625,5.046637058258057,0.05,,,14304.18
475,5410.401654838439,1280.0421142578125,5.242431640625,0.05,,,14307.3
476,3859.0797920210402,1277.47119140625,8.985876083374023,0.05,,,14310.27
477,4061.139987017063,1275.00244140625,12.768887519836426,0.05,,,14313.73
478,3900.200984652988,1272.4849853515625,9.143692016601562,0.05,,,14317.26
479,2250.234575448573,1269.8541259765625,5.6389570236206055,0.05,,,14320.85
480,1760.2004747979074,1267.20703125,4.562568664550781,0.05,,,14356.7
481,2447.5676829823246,1264.56591796875,7.452793121337891,0.05,,,14384.27
482,4586.290403322188,1262.094482421875,10.399890899658203,0.05,,,14387.59
483,5167.8958124894125,1259.474609375,5.872621536254883,0.05,,,14390.98
484,2666.239721890351,1256.9046630859375,9.091769218444824,0.05,,,14404.3
485,3541.9887433665267,1254.323486328125,6.916497230529785,0.05,,,14425.9
486,4830.935533330221,1251.7454833984375,5.509207248687744,0.05,,,14449.56
487,4445.91505156903,1249.2694091796875,8.936014175415039,0.05,,,14455.35
488,3055.9647303573147,1246.7760009765625,6.610076427459717,0.05,,,14474.45
489,3671.051883274581,1244.2132568359375,4.621794700622559,0.05,,,14477.84
490,4413.143145433338,1241.7152099609375,6.284181594848633,0.05,,,14480.46
491,1770.4816976872776,1239.193359375,5.508707046508789,0.05,,,14594.59
492,4765.370277173158,1236.6966552734375,5.2425618171691895,0.05,,,14597.17
493,2345.592887493222,1234.177490234375,4.730038642883301,0.05,,,14644.67
494,3266.680173565877,1231.6558837890625,3.4145026206970215,0.05,,,14647.97
495,876.2977380205165,1229.1982421875,6.047500133514404,0.05,,,14749.57
496,3812.136207559156,1226.728515625,4.841912269592285,0.05,,,14753.03
497,1177.519267686068,1224.3153076171875,8.164901733398438,0.05,,,14848.73
498,3697.5158741075743,1221.843505859375,4.173460006713867,0.05,,,14852.26
499,3123.168673920493,1219.3797607421875,4.276723384857178,0.05,,,14855.22
500,4764.80966970903,1216.9761962890625,6.381255626678467,0.05,5099.50545537184,"3,7,0,6,1,5,2,4",14861.21
501,4198.092667300466,1214.7056884765625,14.659805297851562,0.05,,,14871.25
502,2846.967847426835,1212.3133544921875,9.236867904663086,0.05,,,14875.77
503,3626.7597819460893,1209.923583984375,8.154539108276367,0.05,,,14895.88
504,3888.977732877714,1207.65283203125,11.369088172912598,0.05,,,14899.31
505,3608.867012476456,1205.2877197265625,7.385147571563721,0.05,,,14902.57
506,2208.5873716331953,1202.9654541015625,9.776603698730469,0.05,,,14934.39
507,3754.7624350469005,1200.79345703125,10.081222534179688,0.05,,,14936.97
508,6034.163916851945,1198.460693359375,6.600695610046387,0.05,,,14940.24
509,5023.559809328363,1196.1251220703125,6.54777193069458,0.05,,,14943.54
510,4820.69180175272,1193.896728515625,8.437827110290527,0.05,,,14946.94
511,3811.4594112228324,1191.6668701171875,8.957714080810547,0.05,,,14949.85
512,2115.3544645820884,1189.35546875,7.030660152435303,0.05,,,14980.16
513,2703.188806327628,1187.0283203125,5.482734680175781,0.05,,,15016.02
514,542.9470009537379,1184.764892578125,7.645377159118652,0.05,,,15074.52
515,3150.426044107162,1182.5140380859375,8.23492431640625,0.05,,,15098.19
516,4331.508074856161,1180.2598876953125,7.262086391448975,0.05,,,15101.77
517,3797.8404989857927,1178.0755615234375,8.086133003234863,0.05,,,15105.31
518,5186.90628876392,1175.831298828125,7.305773735046387,0.05,,,15108.67
519,3770.23834403305,1173.716552734375,9.94788932800293,0.05,,,15112.29
520,1335.644137714726,1171.4620361328125,4.3143205642700195,0.05,,,15204.19
521,4486.294671234256,1169.2786865234375,9.619242668151855,0.05,,,15205.77
522,2145.907181204653,1167.131103515625,11.26397705078125,0.05,,,15313.61
523,3211.61339150576,1164.8907470703125,6.5652995109558105,0.05,,,15315.08
524,3854.565231327409,1162.6851806640625,6.761491775512695,0.05,,,15316.39
525,4459.573520761549,1160.484619140625,7.533447265625,0.05,,,15317.69
526,4067.8457585761794,1158.2730712890625,6.064061164855957,0.05,,,15322.96
527,5285.120958983743,1156.2196044921875,8.722761154174805,0.05,,,15324.12
528,2441.37148720112,1154.0340576171875,6.243185997009277,0.05,,,15330.43
529,2487.0559680968368,1151.990234375,10.64835262298584,0.05,,,15344.14
530,2935.2516675099523,1149.82470703125,5.215710639953613,0.05,,,15345.56
531,4527.99378594882,1147.7523193359375,9.471521377563477,0.05,,,15347.16
532,3599.6276136784913,1145.599853515625,5.827389717102051,0.05,,,15348.47
533,3151.887681205322,1143.47900390625,6.181207656860352,0.05,,,15349.8
534,4384.674241740022,1141.3824462890625,7.784961700439453,0.05,,,15351.14
535,2083.120962226147,1139.247314453125,5.256938457489014,0.05,,,15381.21
536,4868.924807840055,1137.1192626953125,3.9794552326202393,0.05,,,15383.07
537,4200.252336682782,1135.0892333984375,6.581389904022217,0.05,,,15384.31
538,4096.667816719712,1132.9970703125,6.227219581604004,0.05,,,15396.3
539,2955.467133505571,1130.910888671875,5.571388244628906,0.05,,,15457.52
540,4087.204621965845,1128.8363037109375,6.141497611999512,0.05,,,15459.19
541,5009.899788217346,1126.781005859375,8.851886749267578,0.05,,,15461.1
542,3109.648396595936,1124.6986083984375,7.088892936706543,0.05,,,15491.6
543,2377.2729894220115,1122.63623046875,8.32837200164795,0.05,,,15499.82
544,3690.235943866894,1120.5631103515625,6.711982727050781,0.05,,,15502.69
545,4613.722059180393,1118.553955078125,10.421232223510742,0.05,,,15505.17
546,3160.2747194190497,1116.5711669921875,10.638603210449219,0.05,,,15561.85
547,2633.0280214381733,1114.5233154296875,6.844523906707764,0.05,,,15624.72
548,3987.5656474182238,1112.496826171875,6.909416198730469,0.05,,,15627.32
549,3465.1084079212337,1110.577880859375,9.994664192199707,0.05,,,15630.02
550,3189.822033074643,1108.5728759765625,6.235516548156738,0.05,4157.643855598328,"3,7,0,4,5,6,2,1",15643.79
551,2126.505762676439,1106.64794921875,9.823678016662598,0.05,,,15685.14
552,3203.725323837306,1104.6856689453125,8.029092788696289,0.05,,,15687.37
553,5189.694673579364,1102.6690673828125,4.20884895324707,0.05,,,15690.39
554,4036.0561473941125,1100.85791015625,13.575742721557617,0.05,,,15693.46
555,4347.640240115893,1098.953857421875,8.038814544677734,0.05,,,15695.94
556,1991.9930371618093,1096.9925537109375,6.229875564575195,0.05,,,15783.99
557,5202.284358972745,1095.0321044921875,5.830042839050293,0.05,,,15787.3
558,4872.227194318812,1093.0560302734375,3.9768283367156982,0.05,,,15789.48
559,3221.596736462022,1091.1011962890625,5.312870502471924,0.05,,,15792.89
560,1632.6750185161875,1089.1798095703125,6.973954677581787,0.05,,,15879.27
561,2726.7712120537126,1087.31103515625,9.766695976257324,0.05,,,15935.69
562,2547.8725023691104,1085.400146484375,8.254734992980957,0.05,,,15999.46
563,5315.014043964673,1083.5396728515625,11.229501724243164,0.05,,,16000.96
564,4418.40183678906,1081.6312255859375,8.045475006103516,0.05,,,16003.16
565,4103.285620241566,1079.7655029296875,7.660683631896973,0.05,,,16006.37
566,2462.9753281704925,1077.845703125,5.187914848327637,0.05,,,16009.41
567,3293.808420279513,1076.0765380859375,10.334129333496094,0.05,,,16012.98
568,4532.399360740669,1074.2264404296875,7.620518684387207,0.05,,,16016.07
569,3881.4352653377555,1072.41650390625,8.341489791870117,0.05,,,16019.23
570,3143.0953139723856,1070.5325927734375,5.1412506103515625,0.05,,,16022.64
571,4807.9364501303235,1068.6541748046875,4.169653415679932,0.05,,,16026.24
572,4332.147175017728,1066.8360595703125,6.709588050842285,0.05,,,16029.08
573,3550.4381987894053,1064.993408203125,5.857972621917725,0.05,,,16032.36
574,2412.9023545730283,1063.1409912109375,4.86905574798584,0.05,,,16058.95
575,1802.4615999171085,1061.29443359375,4.905940055847168,0.05,,,16169.58
576,3220.4511307813887,1059.4609375,4.900350570678711,0.05,,,16172.56
577,2173.72418114273,1057.684814453125,7.393280029296875,0.05,,,16247.36
578,4248.295830798508,1055.9195556640625,7.183558464050293,0.05,,,16250.89
579,3837.9522704612764,1054.2276611328125,13.19584846496582,0.05,,,16254.06
580,4125.259926003226,1052.526611328125,9.777177810668945,0.05,,,16293.1
581,4230.273833244318,1050.7706298828125,10.55078125,0.05,,,16296.39
582,4258.921285070577,1049.01025390625,9.150577545166016,0.05,,,16299.53
583,5748.879421653108,1047.209228515625,6.8841142654418945,0.05,,,16301.88
584,2012.0697038595692,1045.450439453125,9.6575927734375,0.05,,,16413.78
585,4289.468233247637,1043.6527099609375,5.112979888916016,0.05,,,16415.55
586,4278.904584732727,1041.873291015625,6.014076232910156,0.05,,,16417.26
587,4166.916416111751,1040.1549072265625,9.40501594543457,0.05,,,16418.45
588,4425.916603669164,1038.4227294921875,6.804309844970703,0.05,,,16419.35
589,4272.4364511586655,1036.7098388671875,7.798041343688965,0.05,,,16421.55
590,1623.3505614971157,1035.0284423828125,8.998445510864258,0.05,,,16464.01
591,3382.267987328329,1033.31494140625,6.917540550231934,0.05,,,16465.9
592,4135.425773008515,1031.6522216796875,8.39357852935791,0.05,,,16467.13
593,985.6437849927185,1029.9761962890625,7.759462356567383,0.05,,,16621.32
594,1986.5225765852413,1028.2431640625,4.80494499206543,0.05,,,16673.4
595,2803.706410373123,1026.5836181640625,8.42335319519043,0.05,,,16682.18
596,2285.6889864264776,1024.8936767578125,5.168857097625732,0.05,,,16690.01
597,3442.808164508813,1023.200439453125,6.3690385818481445,0.05,,,16772.95
598,2411.270287685891,1021.6912231445312,11.009514808654785,0.05,,,16854.96
599,4083.72696747901,1020.0150756835938,7.02252721786499,0.05,,,16858.03
600,4775.1782935131605,1018.3897705078125,8.481542587280273,0.05,3782.0369355756366,"6,7,4,2,1,5,3,0",16863.27
601,2914.3417303228516,1016.7688598632812,10.657562255859375,0.05,,,16928.71
602,4385.012971407535,1015.0884399414062,8.476608276367188,0.05,,,16952.44
603,3382.51423549898,1013.4235229492188,8.856377601623535,0.05,,,16955.39
604,3867.69698013661,1011.7581787109375,8.412520408630371,0.05,,,16958.89
605,5280.391153525446,1010.0812377929688,6.720605850219727,0.05,,,16962.62
606,1339.0494970817683,1008.5115966796875,8.865592002868652,0.05,,,17007.37
607,1311.8290511163304,1006.8467407226562,4.7630696296691895,0.05,,,17215.96
608,4161.689570767917,1005.266845703125,8.667919158935547,0.05,,,17218.78
609,3037.0791311451894,1003.6785888671875,6.749120712280273,0.05,,,17276.97
610,2730.050685746457,1002.12158203125,7.557785987854004,0.05,,,17338.98
611,2658.3885128749566,1000.5052490234375,5.549575328826904,0.05,,,17368.92
612,2728.2660750259774,998.8985595703125,6.366644382476807,0.05,,,17372.33
613,3266.695234015872,997.2767944335938,6.100405216217041,0.05,,,17410.73
614,3619.8593936966577,995.6682739257812,6.421806335449219,0.05,,,17424.21
615,4183.549655803647,994.0587768554688,5.174110412597656,0.05,,,17427.3
616,3102.314602717695,992.5284423828125,8.440919876098633,0.05,,,17452.63
617,3838.524512536331,991.0009155273438,8.976128578186035,0.05,,,17455.59
618,3904.659165990673,989.3887939453125,3.254483222961426,0.05,,,17458.61
619,3312.96009352482,987.8054809570312,4.862885475158691,0.05,,,17461.94
620,5001.485879981515,986.317626953125,10.075634956359863,0.05,,,17465.16
621,5432.624126983509,984.7495727539062,8.802210807800293,0.05,,,17468.53
622,4393.060773034699,983.1846313476562,9.173155784606934,0.05,,,17482.14
623,2764.9962830959053,981.6365966796875,10.260762214660645,0.05,,,17485.49
624,2646.886431094119,980.0797119140625,9.199585914611816,0.05,,,17488.48
625,4896.142540603077,978.5423583984375,8.700845718383789,0.05,,,17489.54
626,785.5015957413885,977.0165405273438,8.984501838684082,0.05,,,17709.66
627,2266.409263883064,975.5357055664062,8.709754943847656,0.05,,,17745.07
628,5327.831427451723,973.9963989257812,5.6333723068237305,0.05,,,17748.11
629,1522.666343256765,972.4727783203125,6.1239333152771,0.05,,,17784.05
630,351.40153627801004,970.9760131835938,6.497105121612549,0.05,,,17915.76
631,4393.662396165633,969.4797973632812,7.053441047668457,0.05,,,17925.27
632,3310.423501881857,967.9791870117188,7.450904846191406,0.05,,,17935.67
633,2646.8943638287565,966.4706420898438,5.611721038818359,0.05,,,18049.53
634,3817.441663867818,964.9523315429688,5.701143264770508,0.05,,,18052.83
635,4491.2767776117835,963.4694213867188,7.554399013519287,0.05,,,18056.79
636,3940.772123790687,961.9696044921875,5.9612202644348145,0.05,,,18105.64
637,2398.619511543906,960.502197265625,7.47979211807251,0.05,,,18153.57
638,4739.0079023289145,959.0841674804688,10.284191131591797,0.05,,,18156.85
639,2922.2761119040106,957.5999755859375,4.981530666351318,0.05,,,18170.8
640,3094.232805220701,956.09130859375,2.9811549186706543,0.05,,,18227.16
641,4489.737086031382,954.67626953125,10.913354873657227,0.05,,,18231.62
642,3995.7443491132362,953.2017822265625,7.897162914276123,0.05,,,18234.42
643,4288.594727043057,951.75439453125,8.699546813964844,0.05,,,18235.89
644,2634.6155449807666,950.3378295898438,11.709339141845703,0.05,,,18243.87
645,3970.168445820268,948.9033203125,9.241952896118164,0.05,,,18245.3
646,4506.507472120175,947.5144653320312,8.41479206085205,0.05,,,18248.19
647,3248.422289285521,946.2066650390625,12.572092056274414,0.05,,,18250.6
648,2591.1383789159613,944.7769165039062,7.349165916442871,0.05,,,18264.34
649,2695.2837874765164,943.3251342773438,5.171696662902832,0.05,,,18281.17
650,3741.8109738382996,941.89208984375,5.683774948120117,0.05,3126.5492229179367,"0,4,1,6,5,3,7,2",18285.02
651,4234.179985855982,940.4534301757812,5.746771335601807,0.05,,,18287.19
652,3975.4445977086993,939.0787963867188,8.41752815246582,0.05,,,18289.47
653,4963.038007698596,937.6873168945312,6.770092487335205,0.05,,,18291.31
654,3813.5041197255773,936.3489379882812,9.282173156738281,0.05,,,18306.49
655,2186.2835338667965,934.9120483398438,3.5766046047210693,0.05,,,18330.38
656,182.14361705723883,933.5938110351562,7.045969486236572,0.05,,,18397.43
657,3680.9811030804144,932.159912109375,2.322741985321045,0.05,,,18416.24
658,2843.646247826864,930.7385864257812,3.25044584274292,0.05,,,18418.39
659,2682.5485463127993,929.37548828125,7.169774055480957,0.05,,,18419.66
660,5088.551083808963,927.9555053710938,2.7883248329162598,0.05,,,18421.27
661,3062.43968386113,926.5543823242188,6.541410446166992,0.05,,,18451.57
662,2595.1103243143684,925.1715698242188,7.728423118591309,0.05,,,18487.35
663,3693.3844789588743,923.860595703125,11.932783126831055,0.05,,,18490.23
664,1450.5672130861922,922.4871826171875,7.988274574279785,0.05,,,18527.1
665,2601.088968561675,921.1546630859375,7.736043930053711,0.05,,,18528.93
666,3581.3638743218125,919.787841796875,6.586438179016113,0.05,,,18531.51
667,3404.1188382097926,918.4464721679688,7.235222816467285,0.05,,,18534.16
668,3960.4750101747513,917.1243286132812,7.2736687660217285,0.05,,,18553.44
669,3765.49111410438,915.7493286132812,4.012229919433594,0.05,,,18554.97
670,4223.728524276958,914.3880004882812,4.955775260925293,0.05,,,18556.72
671,2822.141876421173,913.0333251953125,4.835421562194824,0.05,,,18559.86
672,2796.400506761239,911.678466796875,4.989307880401611,0.05,,,18561.83
673,3607.253296543645,910.3341674804688,4.609166145324707,0.05,,,18570.53
674,4048.772333219187,908.9954223632812,5.420029163360596,0.05,,,18572.64
675,4002.356964236777,907.679931640625,6.307672500610352,0.05,,,18574.42
676,3574.79209766552,906.3287353515625,2.796408176422119,0.05,,,18576.51
677,3107.984658864623,905.053466796875,7.416512966156006,0.05,,,18583.65
678,3459.0049192142656,903.7360229492188,4.940476417541504,0.05,,,18585.77
679,4578.118844938502,902.4098510742188,4.703441619873047,0.05,,,18587.75
680,3783.2465025541733,901.1039428710938,5.899656295776367,0.05,,,18590.58
681,3027.5251027100585,899.8291015625,9.062074661254883,0.05,,,18592.73
682,4819.515029282782,898.5408325195312,8.019243240356445,0.05,,,18595.22
683,2223.6076679499347,897.2612915039062,7.775077819824219,0.05,,,18631.01
684,1080.2565734550567,895.9588012695312,6.4313883781433105,0.05,,,18710.24
685,2628.1065164032984,894.6986694335938,6.913324356079102,0.05,,,18778.06
686,3338.2906057711234,893.3965454101562,4.702047824859619,0.05,,,18787.07
687,3232.043409401791,892.1119384765625,4.2945475578308105,0.05,,,18806.57
688,2143.8317402420153,890.8101196289062,3.258634090423584,0.05,,,18919.25
689,3380.002858777934,889.5718383789062,7.068967819213867,0.05,,,18922.39
690,1300.8521803120211,888.2888793945312,4.041372299194336,0.05,,,18993.23
691,4853.707449126356,887.0347900390625,4.225803852081299,0.05,,,19015.65
692,1945.0241740803299,885.764404296875,4.83691930770874,0.05,,,19047.1
693,3544.757252213149,884.4815063476562,3.5214014053344727,0.05,,,19050.41
694,4556.0624939238305,883.2489013671875,5.822808742523193,0.05,,,19089.12
695,1019.2050040977291,881.9845581054688,4.266772747039795,0.05,,,19305.18
696,3266.039147508376,880.7578735351562,6.850974082946777,0.05,,,19398.86
697,2272.820657445829,879.4973754882812,4.43598747253418,0.05,,,19460.07
698,3464.864555233693,878.2510986328125,4.845889091491699,0.05,,,19463.65
699,1128.325041521347,876.994873046875,4.131527423858643,0.05,,,19514.26
700,2441.1881196924023,875.7809448242188,6.7234272956848145,0.05,4711.063895502843,"7,3,1,5,0,2,6,4",19519.7
701,1872.5674087096897,874.5354614257812,6.533498287200928,0.05,,,19596.64
702,2863.927454553506,873.2866821289062,5.70995569229126,0.05,,,19621.69
703,5443.605188696051,872.0509033203125,5.651576042175293,0.05,,,19623.24
704,3597.5935263315614,870.808837890625,4.2895097732543945,0.05,,,19642.1
705,2446.2549271800226,869.7479248046875,11.44399642944336,0.05,,,19676.12
706,4681.144895223115,868.5794067382812,6.665520668029785,0.05,,,19697.26
707,4096.24896470868,867.3840942382812,6.130690574645996,0.05,,,19706.67
708,2739.1209732642783,866.4708251953125,13.607606887817383,0.05,,,19725.62
709,2619.3560955255953,865.4116821289062,16.989578247070312,0.05,,,19741.15
710,5022.470297987105,864.1923828125,4.434191703796387,0.05,,,19743.77
711,352.761549541204,863.03125,7.581613540649414,0.05,,,19880.41
712,4105.846817400528,861.8795166015625,8.205698013305664,0.05,,,19881.82
713,4067.4305627254903,860.6814575195312,4.6716156005859375,0.05,,,19884.93
714,4319.712714708714,859.4915771484375,5.190229892730713,0.05,,,19887.46
715,4926.091089885533,858.351318359375,9.699758529663086,0.05,,,19889.37
716,4621.181707983257,857.212646484375,9.878034591674805,0.05,,,19892.42
717,2457.698725892178,856.0439453125,7.750168800354004,0.05,,,19903.88
718,2807.5400234850144,854.90869140625,11.974634170532227,0.05,,,19981.31
719,3922.956298479699,853.7266235351562,7.574889183044434,0.05,,,19990.25
720,3190.841730679646,852.5743408203125,7.580681800842285,0.05,,,19992.58
721,4284.139751176714,851.3858642578125,4.915825843811035,0.05,,,19994.14
722,4053.431840290454,850.2188720703125,6.589134693145752,0.05,,,19995.57
723,4379.668923464111,849.1458740234375,10.849953651428223,0.05,,,20005.23
724,4291.257906620916,847.977783203125,4.959097862243652,0.05,,,20007.45
725,1861.242053280112,846.837646484375,6.788341522216797,0.05,,,20038.64
726,2632.1183574616607,845.6749877929688,4.448683738708496,0.05,,,20087.51
727,5100.09723107494,844.5571899414062,8.191315650939941,0.05,,,20089.78
728,3601.9208001560232,843.46435546875,7.356039047241211,0.05,,,20091.65
729,2369.1174188144696,842.3441772460938,7.354575157165527,0.05,,,20114.42
730,5357.723199313227,841.2371215820312,7.463655948638916,0.05,,,20117.6
731,2866.944168795517,840.1107788085938,7.032014846801758,0.05,,,20121.05
732,3457.92335923606,839.0162353515625,8.966043472290039,0.05,,,20124.29
733,4684.682639806369,837.894775390625,6.685490131378174,0.05,,,20127.6
734,3108.209481903268,836.7720336914062,5.920077323913574,0.05,,,20130.91
735,3969.269356861739,835.6678466796875,7.022262096405029,0.05,,,20133.82
736,997.5139396922073,834.6273803710938,9.855185508728027,0.05,,,20259.88
737,2188.7756317317035,833.53125,6.6791558265686035,0.05,,,20307.57
738,4164.592456621642,832.3946533203125,2.859957695007324,0.05,,,20309.75
739,2860.6527346302537,831.2886962890625,5.859927654266357,0.05,,,20324.91
740,5033.1163683140085,830.2000122070312,7.523191452026367,0.05,,,20326.63
741,2329.3516979369397,829.110107421875,8.846471786499023,0.05,,,20350.26
742,3878.9608925866714,828.0097045898438,7.310762882232666,0.05,,,20355.45
743,2961.9928269054667,826.9202880859375,8.455564498901367,0.05,,,20364.16
744,5149.537474581322,825.814208984375,6.910388946533203,0.05,,,20366.28
745,4126.336205095277,824.7099609375,6.2639570236206055,0.05,,,20394.69
746,3857.0689119504254,823.6359252929688,8.385183334350586,0.05,,,20396.45
747,3935.7330585203713,822.5280151367188,3.6815409660339355,0.05,,,20397.83
748,3369.370661879751,821.4598388671875,6.874983787536621,0.05,,,20418.26
749,2835.3583291463333,820.3818359375,4.570075988769531,0.05,,,20464.39
750,3118.079391811628,819.3111572265625,4.358993053436279,0.05,4801.849688667956,"7,6,0,4,2,1,5,3",20481.72
751,3691.6161720851683,818.2645263671875,8.082405090332031,0.05,,,20483.33
752,2946.9103870101035,817.1895751953125,5.195942401885986,0.05,,,20507.03
753,3412.382335057836,816.1421508789062,7.43359375,0.05,,,20508.45
754,4705.573615525437,815.0634765625,4.11593770980835,0.05,,,20509.94
755,3714.266729858589,814.0090942382812,5.598809242248535,0.05,,,20512.17
756,2397.839515103948,812.9622192382812,7.754233360290527,0.05,,,20609.36
757,3979.7016406022008,811.9244995117188,6.432404041290283,0.05,,,20612.3
758,413.73797163632827,810.8615112304688,5.5539164543151855,0.05,,,20830.51
759,3672.7028083907535,809.8125,6.28236198425293,0.05,,,20846.12
760,2582.926542553539,808.7644653320312,5.537033557891846,0.05,,,20926.02
761,3461.138735119572,807.710693359375,7.377192497253418,0.05,,,20931.95
762,3263.994052343419,806.6610717773438,6.889595985412598,0.05,,,20982.13
763,2182.9602915164796,805.6148071289062,7.2105560302734375,0.05,,,21034.69
764,3485.4325977683657,804.5730590820312,6.343280792236328,0.05,,,21064.64
765,3474.687863358444,803.55419921875,6.918157577514648,0.05,,,21092.44
766,4486.404924148902,802.5499877929688,8.130638122558594,0.05,,,21095.34
767,3837.550249889244,801.5712280273438,8.45814037322998,0.05,,,21139.85
768,2641.6076768810667,800.5756225585938,7.172418594360352,0.05,,,21151.66
769,-1671.995172167424,799.5416870117188,4.292377471923828,0.05,,,21441.46
770,4929.90898554144,798.5074462890625,3.884842872619629,0.05,,,21444.74
771,2849.5530402647523,797.4891357421875,4.634695053100586,0.05,,,21447.95
772,1302.5421964156762,796.4615478515625,3.4450442790985107,0.05,,,21514.7
773,4316.676275613795,795.43603515625,4.067039966583252,0.05,,,21517.6
774,1915.6515110379773,794.4489135742188,6.713905334472656,0.05,,,21596.43
775,4272.909941842448,793.459228515625,7.001488208770752,0.05,,,21599.67
776,3575.6211562927474,792.4521484375,5.368892669677734,0.05,,,21628.14
777,3246.7842712528263,791.4326171875,2.876575469970703,0.05,,,21670.77
778,2557.181162578455,790.4280395507812,4.321446418762207,0.05,,,21674.32
779,1824.0799587440722,789.4097900390625,2.6608448028564453,0.05,,,21783.12
780,5226.812528144774,788.3991088867188,3.4472575187683105,0.05,,,21786.62
781,4557.8782715683465,787.3997192382812,7.552867412567139,0.05,,,21789.56
782,4996.006486184435,786.4074096679688,7.522554397583008,0.05,,,21812.59
783,5552.35174587962,785.406494140625,6.876134395599365,0.05,,,21815.5
784,3799.804770396865,784.4022827148438,5.102475166320801,0.05,,,21818.63
785,2853.744120764714,783.4783935546875,10.287514686584473,0.05,,,21825.25
786,2065.3218608708885,782.4847412109375,4.719052314758301,0.05,,,21903.86
787,4575.089357909881,781.4918823242188,3.6268043518066406,0.05,,,21906.92
788,3486.636464144058,780.528564453125,5.441033363342285,0.05,,,21953.0
789,3451.5630410861936,779.7699584960938,16.057388305664062,0.05,,,22046.71
790,2256.0472400409417,778.8301391601562,6.49008846282959,0.05,,,22092.58
791,4197.602485518615,777.8524169921875,5.166904449462891,0.05,,,22095.73
792,3234.5037154322545,776.8939208984375,6.55255126953125,0.05,,,22098.94
793,4054.6113567478537,775.9187622070312,5.217441082000732,0.05,,,22102.07
794,4307.973909382935,774.955078125,6.814461708068848,0.05,,,22105.44
795,4983.864584115623,774.1268920898438,10.424135208129883,0.05,,,22108.67
796,769.9145555491422,773.165771484375,4.145754814147949,0.05,,,22275.23
797,355.87823029706357,772.3062744140625,8.891569137573242,0.05,,,22426.16
798,4260.800595666556,771.3433837890625,4.682279586791992,0.05,,,22430.11
799,5056.750785167061,770.3959350585938,7.319310188293457,0.05,,,22446.85
800,3906.15328083167,769.5226440429688,10.856931686401367,0.05,3926.2753825702257,"7,0,4,1,5,6,2,3",22452.75
